<?xml version="1.0" encoding="UTF-8"?>
<beans xmlns="http://www.springframework.org/schema/beans"
    xmlns:xsi="http://www.w3.org/2001/XMLSchema-instance" 
    xmlns:context="http://www.springframework.org/schema/context"
    xmlns:tx="http://www.springframework.org/schema/tx"
    xmlns:mvc="http://www.springframework.org/schema/mvc"
    xsi:schemaLocation="
        http://www.springframework.org/schema/beans
        http://www.springframework.org/schema/beans/spring-beans.xsd
        http://www.springframework.org/schema/context
        http://www.springframework.org/schema/context/spring-context.xsd
        http://www.springframework.org/schema/mvc
        http://www.springframework.org/schema/mvc/spring-mvc.xsd
        http://www.springframework.org/schema/tx 
        http://www.springframework.org/schema/tx/spring-tx.xsd">

 


    <!-- Add support for component scanning -->
    <context:component-scan base-package="com.coforge.training.springjdbc.controller" />

 


    <!-- Add support for conversion, formatting and validation support -->
    <mvc:annotation-driven/>

 


    <!-- Define Spring MVC view resolver -->
    <bean
        class="org.springframework.web.servlet.view.InternalResourceViewResolver">
        <property name="prefix" value="/WEB-INF/views/" />
        <property name="suffix" value=".jsp" />
    </bean>
    
    <!-- Add support for reading web resources: css, images, js, etc ... -->
    <mvc:resources location="/resources/" mapping="/resources/**"></mvc:resources>
     <!-- Initialization for data source -->
   <bean id="ds" 
      class = "org.springframework.jdbc.datasource.DriverManagerDataSource">
      <property name = "driverClassName" value = "com.mysql.cj.jdbc.Driver"/>
      <property name = "url" value = "jdbc:mysql://localhost:3306/springdb"/>
      <property name = "username" value = "root"/>
      <property name = "password" value = "abcde"/>
   </bean>

 

   <!-- Definition for JDBCTemplate bean -->
   <bean id="jm" class="org.springframework.jdbc.core.JdbcTemplate">
   <property name="dataSource" ref="ds"></property>
          </bean>
          
       <bean id="empdao" class="com.coforge.training.springjdbc.dao.EmployeeDao">
   <property name="template" ref="jm"></property>
          </bean>
    </beans>