<?xml version="1.0" encoding="UTF-8"?>
<beans xmlns="http://www.springframework.org/schema/beans"
	xmlns:xsi="http://www.w3.org/2001/XMLSchema-instance"
	xsi:schemaLocation="http://www.springframework.org/schema/beans http://www.springframework.org/schema/beans/spring-beans.xsd">


 <bean id="d" class="com.coforge.training.springdemo.Developer"><!-- creating bean -->
   
    <!-- property tag is responsible for setter Injection -->
    <property name="empId" value="101"></property>
    <property name="empName" value="Raj gs"></property> <!-- call setterMethod of property name -->
    <property name="tech">
        <list>
            <value>Spring Framework</value>
            <value>Hibernate</value>
            <value>Angular</value>
            <value>HTML5/CSS3</value>
        </list>
    </property>
   
    </bean>

</beans>
