<?xml version="1.0" encoding="UTF-8"?>
<beans xmlns="http://www.springframework.org/schema/beans"
	xmlns:xsi="http://www.w3.org/2001/XMLSchema-instance"
	xsi:schemaLocation="http://www.springframework.org/schema/beans http://www.springframework.org/schema/beans/spring-beans.xsd">

<bean id="ans1" class="com.coforge.training.springdemo.Answer"><!-- creating bean  -->
   
    <!-- constructor-arg tag is used for constructor Injection  -->
    <constructor-arg value="1"></constructor-arg>
    <constructor-arg value="Spring is a Application Framework"></constructor-arg>
    <constructor-arg value="12/01/2020"></constructor-arg>
   
    </bean>
   
     <bean id="ans2" class="com.coforge.training.springdemo.Answer"><!-- creating bean  -->
   
    <!-- constructor-arg tag is used for constructor Injection  -->
    <constructor-arg value="2"></constructor-arg>
    <constructor-arg value="Spring imliments IOC"></constructor-arg>
    <constructor-arg value="02/01/2020"></constructor-arg>
   
    </bean>
   
     <bean id="user1" class="com.coforge.training.springdemo.User"><!-- creating bean  -->
   
    <!-- constructor-arg tag is used for constructor Injection  -->
    <constructor-arg value="1"></constructor-arg>
    <constructor-arg value="Rod Jhonson"></constructor-arg>
    <constructor-arg value="rod@spring.com"></constructor-arg>
   
    </bean>
   
    <bean id="user2" class="com.coforge.training.springdemo.User"><!-- creating bean  -->
   
    <!-- constructor-arg tag is used for constructor Injection  -->
    <constructor-arg value="2"></constructor-arg>
    <constructor-arg value="James Gosling"></constructor-arg>
    <constructor-arg value="gosling@sun.com"></constructor-arg>
   
    </bean>
   
    <bean id="quest1" class="com.coforge.training.springdemo.Question"><!-- creating bean  -->
   
    <!-- constructor-arg tag is used for constructor Injection  -->
    <constructor-arg value="1"></constructor-arg>
    <constructor-arg value="What is Spring framework ?"></constructor-arg>
 
    <constructor-arg>
        <map>
            <entry key-ref="ans1" value-ref="user1"></entry>
            <entry key-ref="ans2" value-ref="user2"></entry>
        </map>
    </constructor-arg>
    </bean>

</beans>
